,simplified.significance,foldx.ddg,covar.2d,Allele.Frequency
0,1.0,1.1562025,0.6568398974598,2.03045685279188e-05
1,1.0,1.1001525,0.8402470286646471,0.00019897022755696999
2,1.0,8.8906,0.520974131903985,2.52507034124522e-05
3,0.0,-0.41981,0.287928221859706,0.00432471036343438
4,1.0,4.016625,0.9508273129806568,3.60997797913433e-05
5,1.0,0.7858850000000001,0.7209275227219759,1.21817517358996e-05
6,1.0,0.741325,0.791890002330459,3.66371940794294e-05
7,1.0,0.1235255,0.476811931950594,1.21820485332814e-05
8,1.0,1.04529,0.33220694476811896,2.8855864954552004e-05
9,1.0,2.421215,0.804357958517828,6.45619471883272e-05
10,1.0,-0.7758525,0.403285947331624,0.0
11,1.0,4.553525,0.68573759030529,0.0
12,0.0,-0.5040625,0.00139827546026567,0.000848301952177429
13,1.0,10.0,0.9944068981589368,0.0
14,1.0,0.9668575,0.463877883943137,4.0621674100432995e-06
15,1.0,2.29347,0.8771848054066651,0.0
16,1.0,3.053425,0.892216266604521,4.0694078197740696e-06
17,1.0,2.61617,0.7839631336405529,0.000375196617458187
18,1.0,8.49075,0.6123502304147471,0.000202353077212153
19,1.0,3.0371200000000003,0.492165898617512,6.31267585311305e-05
20,1.0,10.0,0.9957603686635952,2.88587795622123e-05
21,1.0,2.357,0.64184331797235,0.0
22,1.0,3.93431,0.590599078341014,1.0830090322953301e-05
23,1.0,2.562265,0.827096774193548,3.2297655190233196e-05
24,0.0,0.7340800000000001,0.095852534562212,0.0011896066704753401
25,1.0,1.635695,0.7694009216589859,0.0
26,1.0,3.82082,0.645714285714286,0.0
27,1.0,2.472425,0.0766820276497696,1.4629400706600103e-05
28,1.0,5.0279,0.8811059907834101,0.0
29,1.0,10.0,0.9952073732718892,0.0
30,1.0,2.442035,0.67668202764977,5.28098925115572e-05
31,1.0,6.4589,0.7469124423963129,0.0
32,1.0,4.233755,0.887926267281106,8.12347684809098e-06
33,0.0,-0.335687,0.00682027649769585,0.0016744132336383804
34,0.0,0.4679675,0.602764976958525,0.000288656520389975
35,0.0,0.097579,0.175299539170507,0.00045887206809174197
36,1.0,2.430195,0.31926267281106,4.06210140629951e-06
37,1.0,0.72109,0.9496774193548392,0.00023455881291589101
38,1.0,6.32947,0.996273291925466,0.0
39,1.0,1.51097,0.672981366459627,4.07378438274019e-06
40,1.0,10.0,0.960662525879917,0.0
41,1.0,2.87616,0.967701863354037,0.0
42,0.0,-0.315438,0.349275362318841,0.0
43,0.0,2.15104,0.973809523809524,0.0
44,1.0,9.71024,0.996273291925466,0.0
45,1.0,-0.597082,0.97991718426501,0.0
46,1.0,4.03535,0.992857142857143,4.06437977564624e-06
47,1.0,3.27987,0.9901656314699788,0.0
48,1.0,1.7813,0.6033126293995861,4.06689224362311e-06
49,0.0,-1.65588,0.742857142857143,0.00022795527734558707
50,1.0,4.2077300000000015,0.8892339544513459,0.0
51,0.0,-0.183771,0.4506211180124221,7.241024749822591e-06
52,0.0,0.0946847,0.253933747412008,2.90782204129107e-05
53,0.0,2.02996,0.991304347826087,8.9580194633332e-05
54,1.0,1.11477,0.983954451345756,0.0
55,0.0,-0.116097,0.0484472049689441,0.000325539672434747
56,1.0,1.05744,0.994927536231884,8.12657960391051e-06
57,0.0,-0.867943,0.0317805383022774,0.0021004909581275604
58,0.0,-0.393068,0.267287784679089,0.00376728177243015
59,0.0,-0.280287,0.6797101449275359,0.00898952788706318
60,0.0,1.40935,0.694202898550725,4.06362003527222e-06
61,0.0,1.09792,0.434575569358178,2.43785501263622e-05
62,1.0,3.97452,0.549171842650104,0.0
63,1.0,10.0,0.680848861283644,0.0
64,1.0,8.22279,0.9108695652173908,0.0
65,1.0,4.52864,0.97463768115942,0.0
66,1.0,0.800946,0.9901656314699788,0.0
67,1.0,5.97599,0.999585921325052,0.0
68,1.0,1.21927,0.998654244306418,0.0
69,1.0,0.750478,0.208695652173913,4.06705764647508e-06
70,1.0,7.00897,0.9952380952380948,0.0
71,1.0,10.0,0.994306418219462,0.0
72,1.0,10.0,0.998033126293996,8.20331085626159e-06
73,0.0,1.07821,0.472360248447205,0.0
74,1.0,10.0,0.9542443064182192,8.123410857750951e-06
75,0.0,1.69738,0.8394409937888199,5.7800962386023706e-05
76,0.0,2.13211,0.612008281573499,1.62540838385644e-05
77,0.0,0.29499200000000003,0.292339544513458,0.0003051305522863
78,1.0,4.10186,0.998757763975155,1.21925446653553e-05
79,1.0,1.51097,0.672981366459627,4.07378438274019e-06
80,1.0,3.26761,0.964699792960663,0.0
81,0.0,-2.5613900000000003,0.34544513457556897,4.0638182010289594e-06
82,0.0,-0.226067,0.17370600414078696,2.5260544472992895e-05
83,0.0,0.204991,0.155175983436853,4.07644142968954e-06
84,0.0,0.812976120780208,0.07752639517345401,0.0008085738227900209
85,1.0,0.508505,0.489089994972348,0.0
86,1.0,9.6093,0.772750125691302,0.000158747339178122
87,1.0,6.56245,0.673102061337356,4.08396634811729e-06
88,1.0,-0.4274195,0.43720462543992,0.000213179554996712
89,1.0,3.3950400000000003,0.549723479135244,0.000779879118736596
90,1.0,4.19675,0.972247360482655,3.2621460571528003e-05
91,1.0,0.70807,0.272699849170437,8.17053541518576e-06
92,1.0,-0.04043405,0.152337858220211,0.000337602709131894
93,1.0,3.001965,0.296128707893414,3.024757641293989e-05
94,1.0,2.27467,0.8160884866767221,6.14774254893603e-05
95,1.0,3.148625,0.98139768728004,1.62800162800163e-05
96,0.0,0.280964,0.332730015082956,0.0038039708687359103
97,1.0,2.8212,0.305480140774258,8.18123062070997e-06
98,1.0,5.09405,0.8936148818501759,3.2517975214076696e-05
99,1.0,5.57885,0.7221719457013571,0.0
100,1.0,0.6415350000000001,0.5642031171442939,4.062662506500261e-06
101,1.0,6.1639,0.524384112619407,0.0
102,1.0,1.69741,0.462141779788839,4.064280662965461e-06
103,1.0,1.713315,0.368828557063851,1.44494054069675e-05
104,1.0,-1.14501,0.6870789341377579,2.0434352598841002e-05
105,0.0,0.70658,0.0191050779286073,0.00150779694516706
106,1.0,1.065125,0.23700351935646105,3.23792254889263e-05
107,1.0,3.22487,0.688285570638512,8.183439990834553e-06
108,1.0,2.0885700000000003,0.7852187028657621,0.0
109,1.0,10.0,0.279738562091503,4.06732231902449e-06
110,1.0,1.82539,0.775465057817999,1.0825791365348801e-05
111,1.0,4.028495,0.9608848667672198,1.62633359354671e-05
112,1.0,7.48905,0.8946204122674709,1.628014880056e-05
113,1.0,1.882575,0.728406234288587,4.0622994239659405e-06
114,1.0,1.228775,0.5062845651080939,0.00014823170423075
115,1.0,3.19735,0.805027652086476,0.0
116,1.0,3.090035,0.578079436902966,1.62981917156291e-05
117,1.0,-0.101321,0.34922071392659604,0.0
118,1.0,10.0,0.8468577174459531,1.22715447420521e-05
119,1.0,10.0,0.7462041226747109,1.2360022742441802e-05
120,1.0,1.51184,0.740070387129211,1.22015699353317e-05
121,1.0,4.7698,0.7631975867269979,0.0
122,1.0,7.51225,0.838914027149321,0.0
123,1.0,1.498245,0.781799899446958,0.0
124,1.0,2.43855,0.976470588235294,4.09443402638453e-06
125,1.0,1.6463299999999998,0.5075917546505779,0.0
126,1.0,6.44285,0.31271995977878303,3.2381322453209005e-05
127,1.0,10.0,0.9799899446958272,4.3004463863349e-06
128,0.0,-1.3836666997978602,0.21578682755153306,4.46295745313895e-05
129,1.0,9.90637,0.9889157597742853,0.0
130,1.0,5.13821,0.976420798065296,0.0
131,1.0,10.0,0.668480451430875,0.0
132,0.0,2.4196640963001697,0.503022974607013,0.006284495826050379
133,1.0,1.67674,0.244860943168077,3.23122657360734e-05
134,1.0,2.4535,0.810358726320032,0.0
135,1.0,6.09591,0.859733978234583,0.0
136,1.0,-0.503318,0.3516727126158811,0.0
137,1.0,10.0,0.683998387746876,0.0
138,0.0,-0.0222046,0.327488915759774,0.00300532433662522
139,0.0,3.24836079461075,0.504635227730754,0.00149770255336474
140,1.0,10.0,0.532849657396211,0.0
141,1.0,0.952745,0.609230149133414,2.14239193775066e-05
142,1.0,0.789118,0.15800080612656198,8.29448748361839e-06
143,1.0,-2.0872900000000003,0.864772269246272,0.0
144,0.0,-0.80722339897035,0.840790004030633,4.06732231902449e-06
145,1.0,1.21587,0.6993147924224101,2.44546610583977e-05
146,1.0,10.0,0.778919790407094,0.0
147,1.0,4.32321,0.6835953244659411,0.0
148,1.0,5.7659699999999985,0.7482869810560259,0.0
149,1.0,0.826766,0.453647722692463,0.0
150,1.0,3.46499,0.433091495364772,0.0
151,1.0,1.17229,0.524586860137041,0.0
152,1.0,9.66213,0.6932688432083841,0.0
153,1.0,10.0,0.773679967754938,0.0
154,1.0,8.706719999999999,0.88714228133817,0.0
155,1.0,10.0,0.95223700120919,0.0
156,0.0,3.03483,0.516928657799274,1.13807937724296e-05
157,1.0,10.0,0.873236598145909,0.0
158,0.0,-0.8693671754008359,0.473196291817815,0.000170810952252887
159,0.0,1.27917188230551,0.22893994357114106,0.000174352715543545
160,0.0,-0.373708,0.525997581620314,0.000410184289941695
161,0.0,0.368363,0.064087061668682,0.00018904175122105504
162,1.0,6.8856,0.467754937525191,0.0
163,0.0,0.7827770000000001,0.0915564186592224,0.00185879178533953
164,1.0,-0.6010909999999999,0.8486062224379979,0.0
165,1.0,-0.0024813,0.462272929562649,0.0
166,1.0,0.104556,0.8818626856010029,0.0
167,1.0,-0.244582,0.6777521543876679,0.0
168,1.0,2.48155,0.555973621394182,0.0
169,1.0,-0.35655,0.542460654610187,0.0
170,1.0,1.6564900000000002,0.432374479103451,0.0
171,1.0,3.03062,0.15131286159323498,0.0
172,1.0,10.0,0.9179916656552172,0.0
173,1.0,-0.157359,0.824897843589432,0.0
174,1.0,-0.592909,0.4619492656875829,0.0
175,1.0,0.339805,0.7877574139256379,5.59525075116241e-06
176,1.0,1.02741,0.888700084961767,2.23835078314298e-05
177,1.0,0.319948,0.7566047659505601,1.13091468379625e-05
178,1.0,3.09361,0.299308168467047,0.0
179,1.0,0.462917,0.52037059513695,0.0
180,1.0,7.729489999999998,0.471133228142574,0.0
181,1.0,1.05647,0.402759234534935,0.0
182,1.0,0.5864739999999999,0.6531132418982889,0.0
183,1.0,-0.277143,0.9258405146255608,0.0
184,1.0,1.02045,0.947080956426751,5.5976937501749294e-06
185,1.0,-0.4990810000000001,0.3792531456082861,0.0
186,1.0,-0.402621,0.984949629809443,0.0
187,1.0,-2.20677,0.937371040174778,0.0
188,1.0,-1.22183,0.973014524416394,4.63070155128502e-05
189,0.0,2.25855,0.0324877614597241,0.0237106196015777
190,1.0,-2.70352,0.826839826839827,0.0
191,1.0,0.993042,0.532629364405065,3.3611750668033505e-05
192,1.0,1.5756,0.358821863494761,0.0
193,1.0,2.89508,0.7165918193955579,0.0
194,1.0,2.55677,0.95310919609985,0.0
195,1.0,0.544094,0.338795161225068,1.6796842193667595e-05
196,1.0,3.02115,0.9050046526682042,0.0
197,1.0,7.523810000000001,0.9983816806246708,0.0
198,1.0,1.70795,0.9996358781405508,0.0
199,1.0,-1.15512,0.370190557106445,5.6102555471401705e-06
200,1.0,4.96353,0.5882590929319901,0.0
201,1.0,1.04667,0.816523040822106,0.0
202,1.0,7.15408,0.20908686329247106,0.0
203,1.0,-1.61674,0.29821580288870003,0.0
204,1.0,4.18761,0.550349961564915,0.0
205,1.0,-1.21201,0.733867378727192,0.0
206,1.0,2.97032,0.678035360278351,0.0
207,1.0,-0.14079,0.543107982360319,0.0
208,1.0,0.149516,0.12517700368167695,0.0
209,1.0,3.35721,0.6997612978921391,0.0
210,1.0,0.453779,0.946474086661003,0.0
211,1.0,-0.00797126,0.854472630173565,0.0
212,1.0,4.83929,0.7665574301088319,0.0
213,1.0,4.1519,0.7524780515434721,0.0
214,1.0,2.63463,0.234292187563216,0.0
215,1.0,-0.14252,0.21560059877816895,0.0
216,1.0,4.53415,0.992636646842254,0.0
217,1.0,-2.42215,0.648055993850386,0.0
218,1.0,-0.0683885,0.925476392766112,0.0
219,1.0,0.392193,0.283246348666909,0.0
220,1.0,2.20692,0.296152445685156,0.0
221,1.0,-0.0705222,0.306105109843428,5.60305702791443e-06
222,1.0,-1.65265,0.366589796496339,0.0
223,1.0,1.31015,0.5603430837075699,0.0
224,1.0,7.42018,0.574139256382247,0.0
225,1.0,0.0217283,0.251689120847999,0.0
226,1.0,1.31249,0.621272808188696,9.97894442725848e-06
227,1.0,2.04201,0.953513775943682,0.0
228,1.0,-1.28831,0.23057005299996,0.0
229,1.0,0.432117,0.98001375571469,0.0
230,1.0,-0.452263,0.630335396690537,0.0
231,1.0,1.7777599999999998,0.73220860136748,0.0
232,1.0,1.73852,0.100214427317231,0.0
233,1.0,0.479005,0.492050006068698,1.11903762764023e-05
234,1.0,2.68742,0.7429704252134159,0.0
235,1.0,-1.227,0.658372779868107,0.0
236,1.0,-0.21161,0.20277541772868896,0.0
237,1.0,1.81959,0.345592102601448,0.0
238,0.0,0.223086,0.19051664846057395,5.05564012830091e-05
239,0.0,-0.499553,0.133835012339685,0.000120122524975475
240,1.0,-0.0927091,0.7259780717724641,0.0
241,1.0,1.53815,0.68317352429502,0.0
242,1.0,1.48997,0.439130962495448,0.0
243,1.0,0.348071,0.4903912287089861,5.5958143308805e-06
244,1.0,-0.74417,0.937290124206012,0.0
245,1.0,-0.169176,0.487397337864628,1.11933198267274e-05
246,1.0,3.45832,0.603430837075697,0.0
247,1.0,2.13813,0.8441558441558441,0.0
248,1.0,1.16593,0.7329773030707609,0.0
249,1.0,1.48462,0.70882388639398,0.0
250,1.0,-1.83115,0.7055063316745558,0.0
251,1.0,0.293076,0.358457741635312,1.69623774468229e-05
252,1.0,1.82766,0.201238014322126,0.0
253,1.0,-0.474146,0.545656835376462,0.0
254,1.0,4.66246,0.6292430311121899,0.0
255,1.0,1.07486,0.816725330744022,0.0
256,1.0,0.387886,0.79419023344257,0.0
257,1.0,1.41529,0.454059958732856,0.0
258,1.0,7.9188800000000015,0.95044319097502,0.0
259,1.0,5.17325,0.954069298952458,0.0
260,1.0,3.87735,0.928485092667204,0.0
261,1.0,1.45965,0.9377518130539888,0.0
262,1.0,6.17875,0.9635374697824328,0.0
263,1.0,3.44582,0.935737308622079,0.0
264,1.0,7.057689999999999,0.986301369863014,0.0
265,1.0,2.20079,0.98771152296535,0.0
266,1.0,10.0,0.8078162771958101,0.0
267,1.0,4.1167099999999985,0.985898468976632,0.0
268,1.0,7.86525,0.939363416599516,0.0
269,1.0,3.6408,0.17385173247381105,0.0
270,1.0,10.0,0.91539081385979,0.0
271,1.0,3.46722,0.96696212731668,0.0
272,1.0,5.17325,0.954069298952458,0.0
273,1.0,9.31323,0.977840451248993,0.0
274,1.0,6.2995199999999985,0.995366639806608,0.0
275,1.0,10.0,0.9377518130539888,0.0
276,1.0,7.58608,0.935132957292506,0.0
277,1.0,6.73197,0.927276390008058,0.0
278,1.0,1.45927,0.569500402900886,0.0
279,1.0,6.641539999999999,0.990934730056406,0.0
280,1.0,2.38279,0.932917002417405,0.0
281,1.0,2.66843,0.9782433521353748,0.0
282,1.0,10.0,0.90713134568896,0.0
283,1.0,7.27168,0.996373892022562,0.0
284,1.0,3.64488,0.909347300564061,0.0
285,1.0,0.97078,0.928485092667204,0.0
286,1.0,5.10496,0.8908138597904921,4.06055093555094e-06
287,1.0,5.58869,0.31466559226430296,0.0
288,1.0,2.53742,0.622884770346495,0.0
289,1.0,10.0,0.997784045124899,0.0
290,1.0,6.1269300000000015,0.958501208702659,0.0
291,1.0,3.62609,0.9365431103948432,0.0
292,1.0,10.0,0.945406929895246,0.0
293,1.0,0.0636356,0.159548751007252,0.0
294,1.0,-0.129382,0.997582594681708,0.0
295,1.0,2.76614,0.945406929895246,0.0
296,1.0,1.8091,0.928485092667204,0.0
297,1.0,4.22748,0.954069298952458,0.0
298,0.0,-0.5189326645386121,0.322723609991942,0.000536893390601962
299,0.0,2.21259059441169,0.8477034649476228,0.0009305846910932
300,1.0,3.1965,0.969782433521354,0.0
301,1.0,10.0,0.9377518130539888,0.0
302,1.0,2.45413,0.9365431103948432,0.0
303,1.0,6.63316,0.938356164383562,0.0
304,1.0,2.86904,0.909347300564061,0.0
305,1.0,5.22154,0.949838839645447,0.0
306,1.0,7.08565,0.966559226430298,0.0
307,0.0,0.6536569999999999,0.917002417405318,8.127438231469439e-06
308,1.0,10.0,0.8737605804111249,0.0
309,1.0,5.67128,0.7947601773478441,0.0
310,1.0,10.0,0.945505844417574,0.0
311,0.0,0.448547,0.566545747682386,0.000115535144346721
312,1.0,7.135389999999999,0.957839580814188,4.06246445343603e-06
313,0.0,-0.303449,0.687787182587666,0.0002152529018528
314,1.0,5.1195,0.953244659411528,0.0
315,1.0,4.5132400000000015,0.6886739218057241,0.0
316,1.0,10.0,0.915276098347441,0.0
317,1.0,0.279947,0.99621120515921,0.0
318,1.0,4.97396,0.963643692059653,0.0
319,0.0,0.158552,0.349697702539299,0.007191827829592329
320,0.0,0.658775,0.022571543732366004,0.233202038087667
321,0.0,2.87315981279096,0.7218863361547759,0.00250213024075331
322,0.0,-1.19927929847068,0.0899637243047158,0.0008995534746607711
323,0.0,2.35146,0.587666263603386,0.00016242555495397902
324,0.0,1.03044,0.0986698911729142,0.00120249599168003
325,0.0,1.41085,0.490608625554212,0.00126438691684669
326,0.0,-0.812177,0.324627166465135,0.00264729888835116
327,0.0,2.49599,0.577106005642886,0.00047632794457274806
328,1.0,3.51912,0.757436517533253,0.0
329,1.0,2.66251,0.858927851672713,0.0
330,1.0,2.38249,0.963966142684402,0.0
331,0.0,-1.96353080445511,0.0573155985489722,0.0
332,1.0,-0.267806,0.970173317210802,0.0
333,1.0,-0.019456,0.9894397420395,0.0
334,0.0,-1.13063021277769,0.270052398226522,0.000389931112170183
335,1.0,8.37548,0.8748085449415559,0.0
336,1.0,10.0,0.893752519145506,0.0
337,1.0,10.0,0.729141475211608,0.0
338,0.0,1.2302799999999998,0.8594921402660219,0.00017321016166281796
339,0.0,0.0921657,0.8396614268440141,0.0033590463339130197
340,0.0,0.491275,0.251995163240629,8.298395883995641e-05
341,1.0,3.9756,0.875856509471987,0.0
342,1.0,1.90458,0.956307940346634,0.0
343,1.0,4.7229199999999985,0.9832325675131,0.0
344,1.0,8.1164,0.8573962112051591,0.0
345,1.0,3.0761,0.9558242644095122,0.0
346,1.0,6.9336,0.933252720677146,0.0
347,1.0,0.92948,0.713905683192261,0.0
348,1.0,5.23125,0.3965336557839579,0.0
349,1.0,10.0,0.9781539701733172,0.0
350,1.0,2.2158900000000004,0.985247883917775,0.0
351,1.0,1.1165200000000002,0.698266827891979,2.03295005448306e-05
352,0.0,-0.537849,0.433373639661427,0.000260019790395158
353,1.0,2.85781,0.816848045143088,0.0
354,0.0,-0.22984,0.184683595324466,7.219538960242e-05
355,1.0,6.5754800000000015,0.982184602982668,0.0
356,1.0,6.56645,0.7943571140669079,0.0
357,1.0,2.22287,0.963482466747279,0.0
358,1.0,0.05243,0.9773478436114472,0.0
359,1.0,9.85942,0.9793631600161228,0.0
360,1.0,10.0,0.992341797662233,0.0
361,1.0,-0.348775,0.985812172511084,0.0
362,1.0,3.74958,0.8709391374445792,4.06180441599376e-06
363,1.0,4.95981,0.9751713018943968,0.0
364,1.0,10.0,0.907214832728738,0.0
365,1.0,2.40018,0.920757758968158,0.0
366,1.0,6.66978,0.87279322853688,0.0
367,1.0,2.60033,0.621120515921,0.0
368,1.0,0.0471685,0.0574768238613462,0.0
369,1.0,4.32437,0.792825473599355,0.0
370,1.0,0.0151333,0.8067714631197099,0.0
371,1.0,3.78148,0.5786376461104389,0.0
372,0.0,-0.6474340000000001,0.7185812172511078,0.000126285405015335
373,1.0,0.270791,0.626037887948408,0.0
374,1.0,10.0,0.884320838371624,0.0
375,1.0,5.3373,0.47496977025393,0.0
376,1.0,10.0,0.741958887545345,0.0
377,1.0,3.7882,0.952035469568722,0.0
378,1.0,-0.152105,0.954615074566707,4.0613095286444195e-06
379,0.0,0.813372,0.603950020153164,0.00023449450200583
380,1.0,8.03326,0.391374445787989,0.0
381,0.0,0.6681090000000001,0.36428859330915,0.0
382,0.0,-0.011228,0.0017734784361144698,0.0
383,0.0,-0.0508437,0.232406287787183,4.46940085649973e-05
384,0.0,-0.8456961548454459,0.606287787182588,5.41500606480679e-05
385,0.0,1.07766496757858,0.438291011688835,1.01790494803595e-05
386,1.0,8.95244,0.841273679967755,0.0
387,0.0,2.0905,0.761708988311165,8.12809883768187e-06
388,0.0,2.2312264079014703,0.067795243853285,1.08332972223426e-05
389,0.0,-0.5135505315967089,0.00314389359129383,4.06355398431468e-06
390,1.0,0.725858,0.919306731156792,0.0
391,1.0,1.46384,0.946634421604192,0.0
392,1.0,2.1057,0.979121322047561,0.0
393,1.0,7.689210000000001,0.9653365578395808,0.0
394,0.0,2.33226,0.5889560661023779,0.0
395,1.0,4.98847,0.816444981862152,4.0655695049762605e-06
396,1.0,-0.282256,0.996453043127771,0.0
397,1.0,10.0,0.9847642079806528,0.0
398,0.0,-0.987459,0.6826279725916969,0.0
399,1.0,0.527662,0.972994760177348,0.0
400,0.0,1.6838069794749495,0.007496977025392991,0.0
401,1.0,10.0,0.9781539701733172,0.0
402,1.0,8.12469,0.785892785167271,0.0
403,1.0,2.38249,0.963966142684402,0.0
404,1.0,10.0,0.944860943168077,0.0
405,1.0,-0.903161,0.401289802498992,0.0
406,1.0,3.27065,0.963966142684402,0.0
407,1.0,10.0,0.8764207980652959,0.0
408,0.0,1.5612700000000002,0.0743248690044337,0.0
409,0.0,2.4807776373979,0.22797259169689604,4.0638182010289594e-06
410,0.0,2.69203,0.724627166465135,0.0
411,1.0,9.93487,0.965255945183394,0.0
412,1.0,3.01542,0.8769850866586051,0.0
413,1.0,0.667092,0.304554615074567,0.0
414,0.0,1.35337,0.640709391374446,0.000144407460089388
415,0.0,-2.05085591590104,0.522128174123337,7.294655449107621e-05
416,1.0,2.3130900000000003,0.963966142684402,0.0
417,1.0,3.45416,0.9533252720677148,0.0
418,1.0,5.04732,0.825070536074164,0.0
419,1.0,7.384710000000001,0.883192261185006,0.0
420,1.0,3.80609,0.518097541313986,0.0
421,1.0,6.73683,0.8986698911729141,0.0
422,0.0,0.19941,0.233131801692866,0.0
423,0.0,1.34794,0.856509471987102,0.00336616516939063
424,1.0,8.59027,0.963643692059653,0.0
425,1.0,-1.00087,0.96049979846836,0.0
426,1.0,10.0,0.960338573155985,0.0
427,1.0,3.21578,0.927367996775494,0.0
428,1.0,0.667092,0.304554615074567,0.0
429,1.0,5.46549,0.731721080209593,0.0
430,1.0,5.15591,0.663522773075373,0.0
431,0.0,1.25170197110336,0.360822249093108,0.000466694644226734
432,1.0,4.48441,0.7093913744457879,0.0
433,1.0,0.536235,0.97726723095526,0.0
434,1.0,-1.24726,0.9987908101571948,0.0
435,1.0,0.340124,0.97347843611447,1.21881855854392e-05
436,1.0,0.924004,0.0790004030632809,0.0
437,1.0,5.57322,0.93776702942362,0.0
438,0.0,-0.046722,0.0617492946392584,0.0
439,1.0,0.255312,0.290286174929464,0.0
440,1.0,0.8713930000000001,0.4661023780733579,0.0
441,1.0,1.50141,0.4344216041918579,0.0
442,1.0,0.4210890000000001,0.460056428859331,0.0
443,1.0,0.133177,0.7063280935106809,0.0
444,1.0,-0.814454,0.315517936316002,0.0
445,0.0,1.31591,0.0594115276098347,4.0671899784438915e-06
446,1.0,0.604644,0.541475211608223,0.0
447,1.0,10.0,0.911890366787586,0.0
448,1.0,2.9136900000000003,0.9359277193811272,0.0
449,1.0,-0.808387,0.7635526160387391,0.0
450,1.0,0.748363,0.754045116334003,0.0
451,0.0,2.73875,0.19511042872327894,0.0140636725740345
452,1.0,5.52908,0.8409117751269629,1.6244710316203306e-05
453,0.0,-1.1536,0.098381953466399,2.03159537121311e-05
454,0.0,2.44544,0.587161922758947,0.007322319179496059
455,0.0,0.600672,0.60286996574938,0.0014504152805940196
456,0.0,0.100752,0.416145033660092,0.000140637667731101
457,0.0,-0.194548,0.305775363174678,0.000278751194647977
458,0.0,10.0,0.977382780205504,0.0
459,1.0,2.98624,0.8481752686902091,0.0
460,0.0,-0.219908,0.0876343451045234,0.000530578655578656
461,0.0,-0.768229,0.00673201842447148,0.0
462,0.0,0.7696310000000001,0.9289004369906702,0.000226502335317181
463,0.0,0.136801,0.0738750442895949,0.00021344948844478502
464,0.0,-0.323676,0.25977323727412305,0.00114364465481413
465,1.0,5.4135800000000005,0.938230778315814,0.0
466,1.0,10.0,0.977973308137475,0.0
467,1.0,7.80417,0.703023503011692,0.0
468,1.0,10.0,0.93421518837841,0.0
469,1.0,10.0,0.952580607062714,0.0
470,1.0,1.6013,0.977264674619109,0.0
471,0.0,-0.68984,0.5823195937167829,0.00272048896039324
472,0.0,0.680941,0.6938112672729421,0.00010821964258659399
473,0.0,-0.7008232163496191,0.160151175150585,4.06140849646657e-06
474,0.0,2.0519336285858203,0.0383843155781268,1.08447323520056e-05
475,1.0,9.35991,0.668772882957364,0.0
476,0.0,0.412694,0.332703436872564,2.1659555112738e-05
477,0.0,-0.0492899,0.000177158379591355,6.09463753159054e-05
478,1.0,5.62159,0.950572812094012,0.0
479,1.0,10.0,0.9273650643675452,0.0
480,1.0,5.15408,0.788413841974725,0.0
481,1.0,4.88363,0.53873863233731,4.0606828444271206e-06
482,1.0,10.0,0.8507145387976851,0.0
483,1.0,6.31062,0.8597496161568441,0.0
484,0.0,-0.643725,0.5675563954175029,8.296779406672049e-05
485,0.0,0.71322,0.022499114208102,0.00044730140178487695
486,1.0,2.77272,0.8423290421636941,0.0
487,1.0,2.60706,0.801759773237274,0.0
488,0.0,4.33964,0.861993622298335,0.0
489,1.0,4.26607,0.9329750797212708,0.0
490,1.0,10.0,0.89978740994449,0.0
491,0.0,-0.0108142,0.0260422817999291,8.12255308088438e-06
492,1.0,3.71111,0.9502775481280258,0.0
493,1.0,8.72594,0.532065666706035,0.0
494,1.0,-1.44314,0.00507854021495217,0.0
495,1.0,-0.485516,0.9162040864532892,0.0
496,1.0,5.26169,0.7763080193693159,0.0
497,1.0,10.0,0.977973308137475,0.0
498,1.0,4.2274400000000005,0.902149521672375,0.0
499,1.0,5.8094800000000015,0.943073107357978,0.0
500,1.0,10.0,0.972422345576946,0.0
501,1.0,10.0,0.9684658084327392,0.0
502,1.0,-0.0672558,0.0941892051494036,4.06401638611407e-06
503,1.0,-0.81875,0.19906696586748604,0.0
504,1.0,0.71341,0.6978859100035429,0.0
505,1.0,2.42722,0.943250265737569,0.0
506,0.0,1.57227,0.464154954529349,0.0
507,0.0,-0.44918,0.5752923113263261,0.0
508,0.0,-0.241418,0.428191803472304,0.0
509,0.0,0.343524,0.607417030825558,0.0
510,0.0,1.08805,0.136766269044526,0.0
511,0.0,0.928806,0.527991023975434,0.0
512,0.0,0.571658,0.0211408999645683,0.0
513,1.0,3.49893,0.914196291484587,0.0
514,0.0,2.43632995634031,0.24825794260068496,0.0
515,0.0,1.74415,0.434864769103579,0.000148073242081693
516,0.0,0.174181,0.0207865832053856,0.000277845936232553
517,0.0,-0.0444640018224072,0.118341797567025,0.000198488599536619
518,1.0,10.0,0.858273296326916,0.0
519,1.0,1.83282,0.8673083736860749,0.0
520,1.0,7.571169999999999,0.979744891933388,0.0
521,1.0,1.12086,0.8211881421991261,0.0
522,1.0,1.70793,0.720385024211645,0.0
523,1.0,2.05934,0.6878469351600329,0.0
524,1.0,0.712885,0.117396952875871,0.0
525,1.0,0.41945,0.897484351009803,0.0
526,1.0,0.5004930000000001,0.105881658202433,0.0
527,1.0,-1.2258,0.827329632691626,0.0
528,1.0,1.4287,0.7837486713121529,0.0
529,1.0,2.02346,0.875693870320066,0.0
530,1.0,10.0,0.967343805361994,0.0
531,1.0,1.5546799999999998,0.904216369434274,0.0
532,1.0,2.05228,0.9692334947443008,0.0
533,1.0,10.0,0.90102751860163,0.0
534,1.0,4.31791,0.9775599385850948,0.0
535,1.0,8.663730000000001,0.9357505610015352,0.0
536,1.0,10.0,0.972422345576946,0.0
537,1.0,2.18957,0.932148340616511,0.0
538,1.0,4.422619999999998,0.877642612495571,0.0
539,1.0,6.75741,0.9628557930790128,0.0
540,1.0,8.08256,0.95511987717019,0.0
541,1.0,10.0,0.8915790716900909,0.0
542,1.0,1.86369,0.239872445966694,0.0
543,1.0,0.861389,0.882898311090115,0.0
544,1.0,10.0,0.988484705326562,0.0
545,0.0,1.38891,0.106472186134404,0.000568638760042567
546,1.0,10.0,0.896893823077832,0.0
547,0.0,0.231753,0.0514940356678871,2.62318016875792e-05
548,0.0,1.88844,0.0789854058842729,0.00495124703431514
549,0.0,2.25686683746054,0.39786450319392,0.182507083793362
550,0.0,4.03027,0.250757681727048,0.00561874842017838
551,0.0,1.12065,0.887117079311792,0.0009677186394164801
552,0.0,-4.46170699251821,0.606891406723551,0.000992006233406441
553,0.0,-0.8017587917289971,0.514291043036322,3.6090659737259996e-05
554,1.0,8.943480000000003,0.949596680188371,1.2203456018744501e-05
555,0.0,1.46061,0.5178812887583351,3.2534079448222e-05
556,0.0,1.3209799999999998,0.667086305777032,0.0006427849198324428
557,0.0,3.083337644929009,0.321816571082203,2.30146948826826e-05
558,0.0,-0.99320948103846,0.142957056931039,3.2421216444040994e-05
559,1.0,2.02296,0.9587354874807672,8.13471081103067e-06
560,0.0,-0.718306,0.134471021588101,0.00010851557921999
561,1.0,2.31172,0.475497738611461,9.751420050544859e-05
562,0.0,-0.16983900000000002,0.6048398377395439,0.00093459292884825
563,1.0,2.13065,0.8556907726022289,0.0
564,1.0,3.36458,0.836620506364527,0.0
565,0.0,1.4774649165291798,0.321490185107474,9.62328538963202e-05
566,0.0,4.08715205411907,0.480626661071479,0.00011644154634373502
567,1.0,2.86438,0.827668205343405,1.26222252141571e-05
568,0.0,0.388153,0.3586981862265121,8.140008140008141e-06
569,1.0,5.0934,0.7059262367697109,0.0
570,1.0,4.69529,0.8486035342938409,0.0
571,0.0,0.991581,0.547535785890801,0.0
572,1.0,3.25306,0.8696787429477321,0.0
573,0.0,7.30143,0.811069147200075,8.13054401470002e-06
574,1.0,1.0420200000000002,0.758800764675712,0.0
575,0.0,2.0519336285858203,0.78136802349979,0.0
576,1.0,4.81395,0.998461323261995,0.0
577,1.0,3.99741,0.784165617568891,0.0
578,0.0,1.14748541313883,0.321490185107474,0.0
579,0.0,1.0920069659688698,0.0177180957709703,0.0
580,0.0,-1.2331189263398898,0.15596586935235698,0.0
581,0.0,1.04732650043915,0.00699398517275143,0.0
582,0.0,3.12696321914174,0.0641581573180398,0.0
583,0.0,2.8659405518686403,0.0347834195924838,0.0
584,0.0,1.55352,0.468410500303073,0.0
585,0.0,-0.228956,0.19900219144868694,0.0
586,0.0,1.32467,0.320511027183289,0.0
587,1.0,10.0,0.816151443092274,0.0
588,0.0,-0.25698200000000004,0.5738797967081639,0.0
589,0.0,1.1931514807892,0.468550380006528,0.0
590,0.0,3.26172691574684,0.338089243250804,0.0
591,0.0,4.30918350554217,0.0165524315755117,9.38967136150235e-05
592,1.0,7.217060000000001,0.764349326246095,0.0
593,1.0,3.60257,0.978225392828834,0.0
594,0.0,-0.763826,0.0207021961113442,1.44697906944776e-05
595,1.0,10.0,0.9708583951135358,0.0
596,0.0,0.5632050000000001,0.4549820487713901,0.00040780679341157405
597,1.0,7.7972199999999985,0.972536951554996,0.0
598,0.0,0.586615,0.0356693243810323,0.0
599,1.0,10.0,0.865855364386627,0.0
600,1.0,6.22345,0.617755397025225,0.0
601,1.0,6.52303,0.7390310999207349,0.0
602,0.0,-0.5135505315967089,0.296917983867208,3.24907401390604e-05
603,0.0,5.11186,0.119270760479321,0.00016874912874091102
604,0.0,0.161396,0.220497039212944,0.000759988419224088
605,0.0,0.508545,0.13386487620646198,4.77688282673879e-05
606,1.0,0.8392299999999999,0.25434792744906,0.0
607,1.0,10.0,0.7596866694642609,4.0638182010289594e-06
608,1.0,6.1843900000000005,0.9462861938732692,0.0
609,1.0,8.33575,0.7444397817876629,0.0
610,0.0,1.07347,0.0803842029188231,0.0
611,0.0,-1.5182011515254,0.397351610947918,0.0
612,1.0,10.0,0.7834662190516158,0.0
613,1.0,6.65941,0.95724343731058,0.0
614,1.0,6.02289,0.7826669644851459,0.003955914552245671
615,1.0,0.4981600000000001,0.9198123743578293,0.0
616,1.0,-0.278428,0.8371677462586551,0.0
617,1.0,-0.316539,0.779093142729506,1.6248801650878198e-05
618,1.0,1.28401,0.639714094259549,0.0
619,1.0,0.329858,0.0918025463480009,3.23080899457224e-05
620,1.0,3.4081900000000003,0.14384632566450695,1.0821417750010801e-05
621,1.0,7.37087,0.4458342640160821,0.000133623211435258
622,1.0,0.727441,0.511503238775966,7.22908985758693e-05
623,1.0,2.03178,0.5362966272057179,0.0
624,1.0,3.82301,0.5631002903730179,8.30151087497925e-05
625,1.0,10.0,0.29618047799866,4.22772201882182e-06
626,1.0,1.56379,0.7484922939468391,2.8434016832938e-05
627,1.0,2.92216,0.00357382175563994,0.0
628,1.0,2.0169900000000003,0.20437793165065896,0.0
629,1.0,-1.1677799999999998,0.915791824882734,3.97258196158874e-05
630,1.0,0.890611,0.533616260888988,1.2185215272136501e-05
631,0.0,-0.121562,0.13915568461023,0.0208276220295208
632,1.0,5.1565400000000015,0.7960687960687959,0.0
633,1.0,6.7105,0.859727496091132,0.000317524463816644
634,1.0,0.98817,0.226937681483136,0.000159772934464902
635,1.0,3.10167,0.7100737100737099,0.000144377731975187
636,1.0,0.329858,0.0918025463480009,3.23080899457224e-05
637,1.0,3.0308200000000003,0.4605762787580971,8.125325013000523e-06
638,1.0,1.24736,0.342193433102524,1.21838296213266e-05
639,1.0,1.87822,0.7152110788474431,4.06177141975158e-06
640,1.0,2.00684,0.7665847665847672,0.0
641,1.0,0.670071,0.6555729283002011,0.0
642,1.0,1.51244,0.57627875809694,1.7643841417153302e-05
643,1.0,0.0738177,0.9597945052490509,9.68304176618682e-05
644,1.0,0.98817,0.226937681483136,0.000159772934464902
645,1.0,1.70209,0.0799642617824436,1.6243390970299e-05
646,1.0,7.18928,0.619164619164619,0.0
647,1.0,1.82541,0.0641054277417914,1.33813873822438e-05
648,0.0,0.6645479999999999,0.162608889881617,0.00107759497068128
649,1.0,0.8922200000000001,0.623185168639714,0.0
650,1.0,6.51802,0.7245923609559971,3.6071912965688394e-05
651,1.0,-0.573275,0.6220275344180219,4.06348793550432e-06
652,1.0,-0.302496,0.499123904881101,0.0
653,1.0,10.0,0.43742177722152703,0.0
654,1.0,1.46273,0.302252816020025,0.0
655,1.0,3.2936300000000003,0.7809762202753441,0.0
656,1.0,0.572346,0.33929912390488104,0.0
657,1.0,1.30968,0.515269086357947,8.12281699293315e-06
658,0.0,0.5507449999999999,0.0753441802252816,0.0
659,1.0,0.46607,0.7674593241551941,0.0
660,1.0,6.37344,0.746933667083855,0.0
661,1.0,5.19532,0.5230287859824779,0.0
662,1.0,3.5093,0.917521902377972,0.0
663,1.0,1.82003,0.13629536921151406,0.0
664,1.0,1.7143,0.456821026282854,0.0
665,1.0,3.45306,0.9594493116395492,0.0
666,1.0,2.56891,0.7617021276595741,0.0
667,1.0,0.5608350000000001,0.56883604505632,4.06088072381138e-06
668,1.0,3.49657,0.7449311639549442,0.0
669,1.0,7.34943,0.7112640801001251,0.0
670,1.0,-0.378729,0.412640801001252,0.0
671,1.0,-0.6431180000000001,0.0307884856070088,1.2190265666523101e-05
672,1.0,-0.5524439999999999,0.78523153942428,0.0
673,1.0,3.5093,0.917521902377972,0.0
674,1.0,-0.114671,0.999874843554443,8.12975082313727e-06
675,1.0,-0.106093,0.530788485607009,0.0
676,1.0,1.01691,0.8076345431789741,1.08236822166901e-05
677,1.0,0.13939200000000002,0.081351689612015,0.0
678,1.0,-0.425242,0.10738423028786,0.0
679,1.0,9.06454,0.592365456821026,0.0
680,1.0,1.7862900000000002,0.683854818523154,4.08083314289445e-06
681,1.0,-0.0639244,0.298623279098874,0.0
682,1.0,1.49594,0.8429286608260329,4.06451193340704e-06
683,1.0,9.99038,0.442428035043805,0.0
684,1.0,4.85161,0.873842302878598,0.0
685,1.0,10.0,0.9932415519399252,0.0
686,1.0,6.18756,0.975719649561952,0.0
687,1.0,0.784315,0.680350438047559,0.0
688,1.0,0.0824178,0.29874843554443103,0.0
689,1.0,10.0,0.43742177722152703,0.0
690,1.0,3.61439,0.998998748435544,0.0
691,1.0,0.0275024,0.278723404255319,4.07385076669871e-06
692,1.0,2.52639,0.293366708385482,0.0
693,1.0,0.271446,0.504755944931164,0.0
694,1.0,7.09202,0.41051314142678297,0.0
695,1.0,0.706575,0.542302878598248,0.0
696,1.0,0.440988,0.22966207759699606,2.5059097705422e-05
697,1.0,0.480047,0.82828535669587,0.0
698,1.0,4.04271,0.32891113892365503,0.0
699,1.0,1.5284799999999998,0.435168961201502,0.0
700,1.0,2.20771,0.595994993742178,0.0
701,1.0,2.32694,0.620650813516896,4.0611116074692e-06
702,1.0,3.32093,0.924906132665832,0.0
703,1.0,1.90457,0.8401752190237801,0.0
704,1.0,1.7291900000000002,0.452190237797247,0.0
705,1.0,2.54157,0.3872340425531911,0.0
706,1.0,1.87858,0.280851063829787,0.0
707,1.0,-0.313564,0.6576971214017521,0.0
708,1.0,0.21661,0.5379224030037549,3.23164426059979e-05
709,1.0,4.0139,0.5730913642052571,0.0
710,1.0,-0.926011,0.8625782227784731,0.0
711,1.0,1.79459,0.543178973717146,4.06447889316111e-06
712,1.0,8.55748,0.6699624530663331,0.0
713,1.0,1.33533,0.33817271589486897,0.0
714,1.0,1.3741,0.948685857321652,0.0
715,1.0,-0.0250773,0.5155193992490611,0.0
716,1.0,10.0,0.32377972465582,0.0
717,1.0,4.06494,0.8339173967459319,0.0
718,1.0,8.33109,0.647309136420526,0.0
719,1.0,0.00832732,0.340425531914894,0.0
720,1.0,-0.300899,0.940801001251564,4.06071582298528e-06
721,1.0,1.45145,0.14180225281602,0.0
722,1.0,0.46815,0.166708385481852,0.0
723,1.0,4.93495,0.945682102628285,0.0
724,1.0,10.0,0.877972465581978,0.0
725,1.0,6.56266,0.946558197747184,0.0
726,1.0,10.0,0.557822277847309,0.0
727,1.0,3.68515,0.12978723404255302,0.0
728,1.0,4.26531,0.8460575719649559,0.0
729,1.0,4.4783300000000015,0.326157697121402,0.0
730,1.0,1.8146400000000005,0.402252816020025,0.0
731,1.0,5.72202,0.9255319148936172,0.0
732,1.0,3.94818,0.7893617021276601,0.0
733,1.0,10.0,0.8528160200250309,0.0
734,1.0,-0.0308346,0.42415519399249096,0.0
735,1.0,3.85874,0.34555694618272803,4.060814761873819e-06
736,1.0,-0.759,0.6539424280350439,4.06200240470542e-06
737,1.0,0.534791,0.9067584480600748,0.0
738,1.0,3.08304,0.8448060075093872,0.0
739,1.0,2.80056,0.539048811013767,0.0
740,1.0,0.590598,0.32790988735919896,0.0
741,1.0,0.726812,0.439549436795995,0.0
742,1.0,1.91895,0.142553191489362,0.0
743,1.0,-0.981801,0.570588235294118,0.0
744,1.0,2.49192,0.401126408010013,0.0
745,1.0,10.0,0.876846057571965,0.0
746,1.0,10.0,0.99424280350438,0.0
747,1.0,2.7191,0.362453066332916,0.0
748,1.0,1.75462,0.204005006257822,0.0
749,1.0,2.2911,0.6006257822277851,0.0
750,1.0,1.7097099999999998,0.9525657071339172,0.0
751,1.0,3.22315,0.269336670838548,0.0
752,1.0,3.4998,0.7737171464330409,0.0
753,1.0,5.39411,0.333041301627034,0.0
754,1.0,6.88818,0.39912390488110105,0.0
755,1.0,0.610066,0.51476846057572,0.0
756,1.0,5.8228300000000015,0.518898623279099,0.0
757,1.0,1.23675,0.348685857321652,3.23164426059979e-05
758,1.0,1.31521,0.223279098873592,0.0
759,1.0,4.48224,0.786858573216521,0.0
760,1.0,6.98692,0.770337922403004,0.0
761,1.0,6.49015,0.941176470588235,0.0
762,1.0,5.5541,0.957947434292866,0.0
763,1.0,4.46278,0.8968710888610759,0.0
764,1.0,6.80375,0.605882352941176,0.0
765,1.0,8.89687,0.7196495619524409,0.0
766,1.0,-2.05753,0.976846057571965,0.0
767,1.0,7.60625,0.6759699624530661,0.0
768,1.0,-1.24401,0.7098873591989989,0.0
769,1.0,0.101357,0.622738746318889,5.0550640909911496e-05
770,1.0,5.68375,0.219394194362642,1.62540838385644e-05
771,1.0,4.56117,0.556478754732857,0.0
772,1.0,1.49181,0.997896508203618,1.45698258905806e-05
773,1.0,4.68312,0.719709718132099,6.857423341225389e-05
774,0.0,3.50197,0.534497265460665,0.00479127100468656
775,0.0,3.56621087799004,0.0847707193941944,0.00472746694381893
776,1.0,10.0,0.920698359276399,2.52507034124522e-05
777,0.0,-2.6687,0.0747791333613799,0.007495064754756271
778,1.0,2.71779,0.7834455195624742,4.0608807238113785e-05
779,1.0,3.71926,0.696676482961716,1.22059385959916e-05
780,1.0,10.0,0.69741270509045,4.06246445343603e-06
781,1.0,1.81382,0.41154816996213706,4.07315384302065e-06
782,1.0,1.31833,0.07383256205300799,1.22257359893066e-05
783,1.0,0.664188,0.290387042490534,0.0
784,1.0,9.05443,0.237063525452251,3.656723088549579e-05
785,1.0,7.336419999999999,0.77219183845183,4.87464049526347e-05
786,0.0,0.713249,0.151241060159865,0.000252676566775197
787,0.0,-0.957032,0.152713504417333,0.00023542706469535698
788,1.0,10.0,0.709718132099285,0.0
789,1.0,2.83001,0.250315523769457,0.0
790,1.0,1.28232,0.4360538493899871,0.0
791,1.0,3.81378,0.5195624737063529,8.13358601673892e-06
792,1.0,10.0,0.525452250736222,8.22131787725572e-06
793,0.0,1.43107,0.293752629364745,0.000602709667174338
794,1.0,1.00408,0.662886058279532,0.0
795,0.0,0.855339,0.228755889024603,0.19275621211513005
796,1.0,5.10386,0.999651020764264,0.0
797,1.0,6.43315,0.20729366602687105,0.0
798,1.0,1.7069,0.5601116733554351,1.50138878462578e-05
799,1.0,2.10892,0.25056709125807003,0.0
800,1.0,2.91909,0.145349851683825,0.0
801,1.0,0.365482,0.8979235735473741,0.0
802,1.0,1.98534,0.913976618391206,0.0
803,1.0,0.964926,0.951491886232769,0.0
804,1.0,2.78271,0.23050078520328,0.0
805,1.0,-0.760317,0.9425929157215148,0.0
806,1.0,10.0,0.6171697783981851,0.0
807,1.0,1.41564,0.437445471994416,0.0
808,1.0,-0.0103818,0.345838422613855,0.0
809,1.0,1.48738,0.7616471819926709,0.0
810,1.0,2.90143,0.7517012737742099,0.0
811,1.0,1.21843,0.285639504449485,0.0
812,0.0,-0.758411755108787,0.556272901762345,0.0290870912908709
813,1.0,-0.0246072,0.7501308672134009,0.0
814,1.0,4.2724400000000005,0.654161577386146,0.0
815,1.0,0.8775350000000001,0.437794451230152,0.0
816,1.0,0.6791729999999999,0.4262781364508811,0.0
817,1.0,6.46879,0.8305705810504269,0.0
818,1.0,7.3174899999999985,0.883091956028616,0.0
819,1.0,0.7994,0.536032106089688,5.59979392758346e-06
820,1.0,3.73817,0.453498516838248,0.0
821,1.0,1.57468,0.623451404641424,0.0
822,1.0,1.12034,0.3992322456813821,0.0
823,1.0,3.05442,0.5006107136625371,0.0
824,1.0,7.254,0.407607747339033,0.0
825,1.0,1.76598,0.599022858139941,0.0
826,1.0,3.9583,0.38509858663409496,0.0
827,1.0,0.8623860000000001,0.153725353341476,0.0
828,1.0,6.42332,0.347932298028267,0.0
829,1.0,5.27056,0.925318443552609,0.0
830,1.0,2.41243,0.129296806839993,0.0
831,1.0,1.13205,0.262955854126679,0.0
832,1.0,4.52993,0.980939545629573,0.0
833,1.0,10.0,0.7389295340777821,0.0
834,1.0,0.0169639,0.9537928378898728,0.0
835,1.0,6.06644,0.9464767038891032,0.0
836,1.0,0.248887,0.551212938005391,0.0
837,1.0,5.58602,0.7882171736619179,0.0
838,1.0,5.20837,0.931459376203312,0.0
839,1.0,5.90045,0.745283018867924,0.0
840,1.0,3.96423,0.97458606083943,4.06748775686185e-06
841,1.0,5.54964,0.937620331151328,0.0
842,1.0,0.258468,0.515209857527917,0.0
843,1.0,3.3727400000000003,0.903927608779361,0.0
844,1.0,6.7645800000000005,0.900847131305352,0.0
845,1.0,-0.0372006,0.7810935695032729,0.0
846,1.0,1.35979,0.7579899884482092,4.06084774257474e-06
847,1.0,2.43184,0.7052368117058142,4.06127654044219e-06
848,1.0,10.0,0.795340777820562,0.0
849,1.0,0.31752800000000003,0.379476318829419,2.0304733439459398e-05
850,1.0,2.62969,0.579899884482095,0.0
851,1.0,-0.454514,0.966307277628032,4.06088072381138e-06
852,1.0,4.56426,0.701771274547555,4.06177141975158e-06
853,1.0,0.281605,0.24990373507893696,0.0
854,1.0,3.27188,0.7834039276087791,0.0
855,1.0,4.12636,0.6355410088563729,0.0
856,1.0,7.56473,0.0887562572198691,4.06391729115529e-06
857,1.0,6.6843,0.913939160569888,0.0
858,1.0,5.48542,0.8376973430881791,0.0
859,1.0,-0.228409,0.805159799768964,0.0
860,0.0,2.21259059441169,0.0383134385829804,0.0015625789409107
861,1.0,1.03817,0.9464767038891032,1.22115032360484e-05
862,0.0,1.448819026084,0.7949557181363108,4.090414522607721e-06
863,1.0,2.7761400000000003,0.969195225259915,0.0
864,0.0,1.4548083547903898,0.00616095494801694,3.2577003892952004e-05
865,1.0,3.53187,0.7187139006546021,0.0
866,1.0,10.0,0.608201771274548,0.0
867,1.0,5.71026,0.727570273392376,0.0
868,1.0,4.07103,0.943781286099345,8.12354283950316e-06
869,1.0,3.94099,0.719676549865229,0.0
870,0.0,1.598,0.174817096649981,0.000209318272041575
871,1.0,5.15874,0.9953792837889872,0.0
872,0.0,0.7630680000000001,0.0431266846361186,0.00015150422047471298
873,1.0,2.08155,0.8396226415094341,0.0
874,0.0,-0.335618887412162,0.145745090489026,5.730096101897479e-05
875,0.0,2.88881,0.17520215633423195,0.000122695844219582
876,1.0,10.0,0.96553715825953,0.0
877,1.0,2.0531900000000003,0.497882171736619,0.0
878,0.0,0.6875357529025279,0.127262225644975,7.21407032275751e-05
879,1.0,1.29881,0.581440123219099,0.0
880,1.0,2.30467,0.7431651906045441,0.0
881,0.0,1.27917188230551,0.108779360800924,1.21818506667533e-05
882,1.0,8.80588,0.999229880631498,0.0
883,1.0,7.173489999999998,0.265691182133231,0.0
884,1.0,7.636889999999998,0.17269926838660002,4.06322376173256e-06
885,1.0,1.20092,0.975548710050058,0.0
886,0.0,3.99318471790069,0.12976511359260698,0.000188253012048193
887,1.0,7.35845,0.919715055833654,0.0
888,1.0,6.07742,0.870427416249519,0.0
889,1.0,0.376032,0.7504813246053141,1.21892750631811e-05
890,0.0,-0.28722668227489,0.0477474008471313,6.8560376432551e-05
891,1.0,1.42848,0.15440893338467498,0.0
892,1.0,-0.374151,0.966307277628032,0.0
893,1.0,-0.687199,0.795725837504813,0.0
894,1.0,3.91075,0.9832499037350791,0.0
895,1.0,0.264862,0.657489410858683,0.0
896,0.0,1.93059496397438,0.0631497882171737,2.03108370502165e-05
897,1.0,2.68229,0.954562957258375,0.0
898,1.0,0.482938,0.808240277242973,0.0
899,1.0,-0.0122206,0.5924143242202541,0.0
900,1.0,2.02409,0.831536388140162,0.0
901,1.0,10.0,0.9462841740469772,0.0
902,1.0,2.76766,0.983827493261456,0.0
903,0.0,0.9732067365454008,0.109934539853677,8.12367482554408e-06
904,1.0,0.7475390000000001,0.9079707354639972,0.0
905,1.0,3.1533900000000004,0.9202926453600307,0.0
906,0.0,2.22926251845641,0.395263765883712,7.2189135535102e-06
907,0.0,-0.00624895308417051,0.0019252984212552895,0.0
908,1.0,2.42411,0.844435887562572,0.0
909,1.0,7.42766,0.999229880631498,0.0
910,1.0,2.31713,0.999229880631498,0.0
911,1.0,10.0,0.94358875625722,0.0
912,1.0,10.0,0.94358875625722,0.0
913,1.0,-0.176007,0.795725837504813,0.0
914,1.0,0.379788,0.4899884482094721,4.06124355277586e-06
915,1.0,4.57118,0.994801694262611,0.0
916,1.0,7.24483,0.634963419329996,0.0
917,1.0,1.87687,0.8592606854062378,0.0
918,1.0,2.82231,0.879283788987293,0.0
919,1.0,2.0285,0.7329611089718909,0.0
920,1.0,-2.5929,0.272237196765499,0.0
921,1.0,-0.777591,0.9464767038891032,4.06722306278166e-06
922,1.0,0.930311,0.659799768964189,0.0
923,1.0,8.48995,0.962456680785522,0.0
924,1.0,2.08313,0.7354639969195229,0.0
925,1.0,4.67669,0.980939545629573,0.0
926,1.0,3.47095,0.390257989988448,0.0
927,1.0,4.90171,0.99268386599923,0.0
928,1.0,2.69434,0.967847516365037,0.0
929,1.0,3.5754300000000003,0.8188294185598771,0.0
930,1.0,7.24483,0.634963419329996,0.0
931,1.0,1.2748,0.648055448594532,0.0
932,1.0,-0.5038630000000001,0.8916056988833271,0.0
933,1.0,-1.17114,0.987485560261841,0.0
934,1.0,3.26637,0.9724682325760492,0.0
935,1.0,3.74499,0.8785136696187908,0.0
936,1.0,3.8482,0.98363496341933,0.0
937,1.0,6.3235199999999985,0.41047362341162896,0.0
938,1.0,9.87214,0.9318444358875628,0.0
939,1.0,3.38581,0.9863303812090872,0.0
940,0.0,2.1272664002109503,0.0007701193685021179,4.0605839119665395e-06
941,1.0,2.79605,0.9953792837889872,0.0
942,1.0,-0.682041,0.979399306892568,0.0
943,1.0,1.83792,0.9079707354639972,0.0
944,0.0,2.3905398395175697,0.004043126684636121,0.0
945,1.0,8.13433,0.94358875625722,0.0
946,0.0,1.4894520663589998,0.0852907200616096,0.0
947,1.0,-0.5304770000000001,0.988448209472468,0.0
948,0.0,-0.571437,0.005005775895263771,0.0
949,0.0,0.643042,0.0115517905275318,0.0
950,0.0,1.09125579475242,0.9056603773584908,0.0
951,1.0,0.195622,0.858490566037736,0.0
952,1.0,0.924635,0.4566807855217561,0.0
953,1.0,1.02093,0.18944936465152104,0.0
954,1.0,2.11095,0.9464767038891032,0.0
955,1.0,3.16553,0.9586060839430112,0.0
956,0.0,1.97436476100625,0.0852907200616096,0.0
957,1.0,10.0,0.94358875625722,0.0
958,1.0,8.48895,0.722484562295677,0.0
959,1.0,4.63213,0.366509262622594,4.06055093555094e-06
960,1.0,2.23529,0.7065019978205591,0.0
961,1.0,3.21504,0.378496185978932,4.06055093555094e-06
962,1.0,4.15756,0.664729386124228,0.0
963,1.0,0.885865,0.565928078459862,0.0
964,1.0,2.818435,0.47838721394842,3.6650323337297e-05
965,1.0,10.0,0.796585543043952,0.0
966,1.0,3.18568,0.6022520886305849,0.0
967,1.0,1.95002,0.142753359970941,0.0
968,1.0,3.45561,0.4689429713040321,0.0
969,1.0,1.658375,0.569197239375227,4.87301729108969e-05
970,1.0,5.70665,0.671994188158373,0.0
971,1.0,1.903365,0.567744278968398,0.0
972,1.0,5.9678,0.614602252088631,0.0
973,1.0,-0.3449485,0.0770069015619324,0.0
974,1.0,4.046355,0.320377769705776,4.07431551499348e-06
975,1.0,0.7599899999999999,0.3679622230294221,0.0
976,1.0,1.002585,0.3309117326552849,1.62575191025849e-05
977,1.0,0.2184175,0.084271703596077,0.0
978,1.0,0.2493255,0.768616055212495,0.0
979,1.0,2.32313,0.7308390846349441,8.122025308230859e-06
980,1.0,10.0,0.37159462404649496,0.0
981,1.0,3.061345,0.8156862745098041,0.000101528614824802
982,1.0,1.38221,0.8941176470588241,0.0
983,1.0,5.20715,0.867647058823529,0.0
984,1.0,0.19177,0.4470588235294121,4.06147447769438e-06
985,1.0,0.388105,0.8799019607843142,0.0
986,1.0,2.57838,0.33578431372548995,0.0
987,1.0,0.0184286,0.874019607843137,0.00150465468716172
988,1.0,0.98784,0.5867647058823531,0.0
989,1.0,0.527065,0.209313725490196,0.0
990,1.0,0.65522,0.0200980392156863,2.16464272571812e-05
991,1.0,1.229665,0.046078431372549,0.0
992,1.0,2.996245,0.4529411764705879,0.0
993,0.0,2.8659405518686403,0.118627450980392,0.051530807362884005
994,1.0,2.71882,0.557352941176471,4.061540461066069e-06
995,1.0,-0.4807085,0.7808823529411758,0.0
996,1.0,6.43075,0.99656862745098,0.0
997,0.0,0.665345,0.00294117647058824,0.000739874546150126
998,1.0,3.99196,0.9073529411764708,0.0
999,1.0,3.15294,0.7289215686274509,0.0
1000,1.0,1.378305,0.663725490196078,7.22715676425737e-06
1001,1.0,0.98784,0.5867647058823531,0.0
1002,1.0,0.98784,0.5867647058823531,0.0
1003,1.0,1.81141,0.738235294117647,0.0
1004,1.0,5.14635,0.484803921568627,0.0
1005,1.0,6.3322,0.8995098039215691,0.0
1006,1.0,-0.071844,0.268137254901961,0.0
1007,1.0,1.9123900000000005,0.4578431372549021,0.0
1008,1.0,1.688555,0.432843137254902,0.0
1009,1.0,-0.366801,0.8313725490196079,0.0
1010,1.0,-0.59101,0.692156862745098,0.0
1011,1.0,3.14486,0.28970588235294104,0.0
1012,1.0,1.40967,0.608333333333333,0.0
1013,1.0,3.837875,0.712254901960784,0.0
1014,1.0,1.490555,0.14019607843137302,0.0
1015,1.0,1.5117200000000002,0.415686274509804,0.0
1016,1.0,3.072,0.630829015544041,0.0
1017,1.0,3.61128,0.99006908462867,4.06094668789188e-06
1018,1.0,3.8428,0.7037996545768571,0.0
1019,1.0,2.6424,0.828583765112263,0.0
1020,1.0,3.39435,0.4101899827288429,1.35998912008704e-05
1021,1.0,8.92272,0.448618307426598,0.0
1022,1.0,2.37227,0.708117443868739,0.0
1023,1.0,3.18902,0.379965457685665,0.0
1024,1.0,4.53221,0.468480138169257,0.0
1025,1.0,3.072,0.630829015544041,0.0
1026,1.0,5.40756,0.31822107081174394,0.0
1027,1.0,1.02806,0.667962003454231,0.0
1028,1.0,10.0,0.966753022452504,0.0
1029,1.0,-0.361211,0.554835924006909,0.0
1030,1.0,5.54841,0.8216753022452501,0.0
1031,1.0,4.31401,0.8147668393782379,0.0
1032,1.0,10.0,0.973229706390328,0.0
1033,1.0,2.3697,0.510362694300518,0.0
1034,1.0,2.75206,0.5880829015544039,0.0
1035,0.0,-1.3502093677633795,0.040587219343696,0.00299641848205104
1036,1.0,4.75842,0.98272884283247,0.0
1037,1.0,4.94747,0.9304835924006908,0.0
1038,1.0,7.1242100000000015,0.966753022452504,0.0
1039,1.0,6.69372,0.387305699481865,0.0
1040,1.0,4.51414,0.9106217616580308,0.0
1041,1.0,10.0,0.974956822107081,0.0
1042,1.0,2.8151900000000003,0.995682210708117,0.0
1043,1.0,4.55506,0.993091537132988,0.0
1044,1.0,10.0,0.994386873920553,0.0
1045,1.0,3.84219,0.19343696027633894,0.0
1046,1.0,10.0,0.7996545768566491,0.0
1047,1.0,2.1742,0.906303972366149,0.0
1048,0.0,1.36438822692791,0.32037996545768604,8.94654439722657e-05
1049,1.0,4.82437,0.974525043177893,0.0
1050,1.0,4.21243,0.989205526770294,0.0
1051,1.0,6.4706199999999985,0.8316062176165799,0.0
1052,1.0,3.91722,0.927029360967185,0.0
1053,1.0,2.82648,0.978411053540587,0.0
1054,1.0,5.06479,0.99006908462867,0.0
1055,1.0,5.56299,0.980569948186529,0.0
1056,1.0,8.62383,0.964594127806563,0.0
1057,1.0,4.19257,0.7966321243523321,0.0
1058,1.0,3.88361,0.5362694300518129,8.12209127606176e-06
1059,1.0,2.0832900000000003,0.6144214162348879,0.0
1060,1.0,9.96492,0.503022452504318,0.0
1061,1.0,7.22042,0.992227979274611,0.0
1062,1.0,1.60448,0.9654576856649398,0.0
1063,1.0,4.41895,0.892055267702936,0.0
1064,1.0,10.0,0.789291882556131,0.0
1065,1.0,4.19257,0.7966321243523321,0.0
1066,1.0,2.73721,0.852331606217617,0.0
1067,1.0,10.0,0.973229706390328,0.0
1068,1.0,2.31664,0.91580310880829,0.0
1069,1.0,5.52786,0.6822107081174439,0.0
1070,1.0,1.77878,0.6075129533678759,0.0
1071,1.0,2.22349,0.8760794473229709,0.0
1072,1.0,7.02159,0.686960276338515,0.0
1073,1.0,6.41678,0.91580310880829,0.0
1074,1.0,3.95421,0.7966321243523321,0.0
1075,1.0,4.45536,0.0336787564766839,0.0
1076,1.0,0.398041,0.525906735751295,0.0
1077,1.0,5.71012,0.974956822107081,0.0
1078,1.0,1.52754,0.7996545768566491,0.0
1079,1.0,4.87501,0.995682210708117,0.0
1080,1.0,3.88361,0.5362694300518129,8.12209127606176e-06
1081,1.0,10.0,0.8708981001727121,0.0
1082,1.0,4.40147,0.8708981001727121,0.0
1083,1.0,6.45265,0.8415371329879101,0.0
1084,0.0,2.64494,0.9537996545768572,0.0
1085,1.0,4.41895,0.892055267702936,0.0
1086,1.0,5.20035,0.968480138169257,0.0
1087,1.0,5.7267800000000015,0.917530224525043,0.0
1088,1.0,4.47483,0.964594127806563,0.0
1089,1.0,9.56504,0.964594127806563,0.0
1090,1.0,3.39042,0.98013816925734,0.0
1091,1.0,7.44538,0.98013816925734,0.0
1092,1.0,0.5761149999999999,0.7996545768566491,0.0
1093,1.0,3.82465,0.91580310880829,0.0
1094,1.0,3.3639,0.568221070811744,0.0
1095,1.0,1.03917,0.9278929188255608,4.39579761747769e-06
1096,1.0,-0.0210462,0.9045768566493952,0.0
1097,1.0,2.30933,0.8294473229706391,0.0
1098,1.0,3.20444,0.9710708117443873,0.0
1099,1.0,2.41354,0.660189982728843,0.0
1100,1.0,2.15082,0.942573402417962,0.0
1101,1.0,2.88846,0.976683937823834,0.0
1102,1.0,8.14387,0.718480138169257,0.0
1103,1.0,10.0,0.8708981001727121,0.0
1104,1.0,2.16309,0.8708981001727121,0.0
1105,1.0,3.95421,0.7966321243523321,0.0
1106,1.0,4.22949,0.3765112262521591,0.0
1107,1.0,3.67372,0.99740932642487,0.0
1108,1.0,6.52431,0.770293609671848,0.0
